-- Delete existing data (maintain foreign key integrity)
DELETE FROM "GroupMessage";
DELETE FROM "GroupMember";
DELETE FROM "Group";
DELETE FROM "User";

-- Insert 5 users
INSERT INTO "User" ("id","username","email","password","salt","createdAt") VALUES
  (1, 'alice', 'alice@example.com', 'hashedpassword1', 'salt1', NOW()),
  (2, 'bob', 'bob@example.com', 'hashedpassword2', 'salt2', NOW()),
  (3, 'charlie', 'charlie@example.com', 'hashedpassword3', 'salt3', NOW()),
  (4, 'dave', 'dave@example.com', 'hashedpassword4', 'salt4', NOW()),
  (5, 'eve', 'eve@example.com', 'hashedpassword5', 'salt5', NOW());

SELECT * FROM "User";

-- Insert 2 groups
INSERT INTO "Group" ("id","name","createdAt") VALUES
	(1,'Group 1', NOW()),
	(2,'Group 2',NOW());

SELECT * FROM "Group";

--- Insert 5 GroupMember 
INSERT INTO "GroupMember" ("userId","groupId","role","joinedAt") VALUES
(1,1,'member',NOW()),
(2,1,'member',NOW() - INTERVAL '1 min'),
(3,1,'member',NOW() - INTERVAL'2 min'),
(3,2,'member',NOW() - INTERVAL'3 min'),
(4,2,'member',NOW() - INTERVAL'4 min'),
(5,2,'member',NOW() - INTERVAL'5 min');

SELECT * FROM "GroupMember";

INSERT INTO "GroupMessage" ("id", "userId", "groupId", "content", "sentAt") VALUES
  ('3-group-1', 3, 1, 'd100', NOW() - INTERVAL  '1 second'),
  ('2-group-1', 2, 1, 'd99', NOW() - INTERVAL  '2 second'),
  ('1-group-1', 1, 1, 'd98', NOW() - INTERVAL  '3 second'),
  ('3-group-1', 3, 1, 'd97', NOW() - INTERVAL  '4 second'),
  ('2-group-1', 2, 1, 'd96', NOW() - INTERVAL  '5 second'),
  ('1-group-1', 1, 1, 'd95', NOW() - INTERVAL  '6 second'),
  ('3-group-1', 3, 1, 'd94', NOW() - INTERVAL  '7 second'),
  ('2-group-1', 2, 1, 'd93', NOW() - INTERVAL  '8 second'),
  ('1-group-1', 1, 1, 'd92', NOW() - INTERVAL  '9 second'),
  ('3-group-1', 3, 1, 'd91', NOW() -  INTERVAL '10 second'),
  ('2-group-1', 2, 1, 'd90', NOW() -  INTERVAL '11 second'),
  ('1-group-1', 1, 1, 'd89', NOW() -  INTERVAL '12 second'),
  ('3-group-1', 3, 1, 'd88', NOW() -  INTERVAL '13 second'),
  ('2-group-1', 2, 1, 'd87', NOW() -  INTERVAL '14 second'),
  ('1-group-1', 1, 1, 'd86', NOW() -  INTERVAL '15 second'),
  ('3-group-1', 3, 1, 'd85', NOW() -  INTERVAL '16 second'),
  ('2-group-1', 2, 1, 'd84', NOW() -  INTERVAL '17 second'),
  ('1-group-1', 1, 1, 'd83', NOW() -  INTERVAL '18 second'),
  ('3-group-1', 3, 1, 'd82', NOW() -  INTERVAL '19 second'),
  ('2-group-1', 2, 1, 'd81', NOW() -  INTERVAL '20 second'),
  ('1-group-1', 1, 1, 'd80', NOW() -  INTERVAL '21 second'),
  ('3-group-1', 3, 1, 'd79', NOW() -  INTERVAL '22 second'),
  ('2-group-1', 2, 1, 'd78', NOW() -  INTERVAL '23 second'),
  ('1-group-1', 1, 1, 'd77', NOW() -  INTERVAL '24 second'),
  ('3-group-1', 3, 1, 'd76', NOW() -  INTERVAL '25 second'),
  ('2-group-1', 2, 1, 'd75', NOW() -  INTERVAL '26 second'),
  ('1-group-1', 1, 1, 'd74', NOW() -  INTERVAL '27 second'),
  ('3-group-1', 3, 1, 'd73', NOW() -  INTERVAL '28 second'),
  ('2-group-1', 2, 1, 'd72', NOW() -  INTERVAL '29 second'),
  ('1-group-1', 1, 1, 'd71', NOW() -  INTERVAL '30 second'),
  ('3-group-1', 3, 1, 'd70', NOW() -  INTERVAL '31 second'),
  ('2-group-1', 2, 1, 'd69', NOW() -  INTERVAL '32 second'),
  ('1-group-1', 1, 1, 'd68', NOW() -  INTERVAL '33 second'),
  ('3-group-1', 3, 1, 'd67', NOW() -  INTERVAL '34 second'),
  ('2-group-1', 2, 1, 'd66', NOW() -  INTERVAL '35 second'),
  ('1-group-1', 1, 1, 'd65', NOW() -  INTERVAL '36 second'),
  ('3-group-1', 3, 1, 'd64', NOW() -  INTERVAL '37 second'),
  ('2-group-1', 2, 1, 'd63', NOW() -  INTERVAL '38 second'),
  ('1-group-1', 1, 1, 'd62', NOW() -  INTERVAL '39 second'),
  ('3-group-1', 3, 1, 'd61', NOW() -  INTERVAL '40 second'),
  ('2-group-1', 2, 1, 'd60', NOW() -  INTERVAL '41 second'),
  ('1-group-1', 1, 1, 'd59', NOW() -  INTERVAL '42 second'),
  ('3-group-1', 3, 1, 'd58', NOW() -  INTERVAL '43 second'),
  ('2-group-1', 2, 1, 'd57', NOW() -  INTERVAL '44 second'),
  ('1-group-1', 1, 1, 'd56', NOW() -  INTERVAL '45 second'),
  ('3-group-1', 3, 1, 'd55', NOW() -  INTERVAL '46 second'),
  ('2-group-1', 2, 1, 'd54', NOW() -  INTERVAL '47 second'),
  ('1-group-1', 1, 1, 'd53', NOW() -  INTERVAL '48 second'),
  ('3-group-1', 3, 1, 'd52', NOW() -  INTERVAL '49 second'),
  ('2-group-1', 2, 1, 'd51', NOW() -  INTERVAL '50 second'),
  ('1-group-1', 1, 1, 'test50', NOW() -  INTERVAL '51 second'),
  ('3-group-1', 3, 1, 'test49', NOW() -  INTERVAL '52 second'),
  ('2-group-1', 2, 1, 'test48', NOW() -  INTERVAL '53 second'),
  ('1-group-1', 1, 1, 'test47', NOW() -  INTERVAL '54 second'),
  ('3-group-1', 3, 1, 'test46', NOW() -  INTERVAL '55 second'),
  ('2-group-1', 2, 1, 'test45', NOW() -  INTERVAL '56 second'),
  ('1-group-1', 1, 1, 'test44', NOW() -  INTERVAL '57 second'),
  ('3-group-1', 3, 1, 'test43', NOW() -  INTERVAL '58 second'),
  ('2-group-1', 2, 1, 'test42', NOW() -  INTERVAL '59 second'),
  ('1-group-1', 1, 1, 'test41', NOW() -  INTERVAL '60 second'),
  ('3-group-1', 3, 1, 'test40', NOW() -  INTERVAL '61 second'),
  ('2-group-1', 2, 1, 'test39', NOW() -  INTERVAL '62 second'),
  ('1-group-1', 1, 1, 'test38', NOW() -  INTERVAL '63 second'),
  ('3-group-1', 3, 1, 'test37', NOW() -  INTERVAL '64 second'),
  ('2-group-1', 2, 1, 'test36', NOW() -  INTERVAL '65 second'),
  ('1-group-1', 1, 1, 'test35', NOW() -  INTERVAL '66 second'),
  ('3-group-1', 3, 1, 'test34', NOW() -  INTERVAL '67 second'),
  ('2-group-1', 2, 1, 'test33', NOW() -  INTERVAL '68 second'),
  ('1-group-1', 1, 1, 'test32', NOW() -  INTERVAL '69 second'),
  ('3-group-1', 3, 1, 'test31', NOW() -  INTERVAL '70 second'),
  ('2-group-1', 2, 1, 'test30', NOW() -  INTERVAL '71 second'),
  ('1-group-1', 1, 1, 'test29', NOW() -  INTERVAL '72 second'),
  ('3-group-1', 3, 1, 'test28', NOW() -  INTERVAL '73 second'),
  ('2-group-1', 2, 1, 'test27', NOW() -  INTERVAL '74 second'),
  ('1-group-1', 1, 1, 'test26', NOW() -  INTERVAL '75 second'),
  ('3-group-1', 3, 1, 'test25', NOW() -  INTERVAL '76 second'),
  ('2-group-1', 2, 1, 'test24', NOW() -  INTERVAL '77 second'),
  ('1-group-1', 1, 1, 'test23', NOW() -  INTERVAL '78 second'),
  ('3-group-1', 3, 1, 'test22', NOW() -  INTERVAL '79 second'),
  ('2-group-1', 2, 1, 'test21', NOW() -  INTERVAL '80 second'),
  ('1-group-1', 1, 1, 'test20', NOW() -  INTERVAL '81 second'),
  ('3-group-1', 3, 1, 'test19', NOW() -  INTERVAL '82 second'),
  ('2-group-1', 2, 1, 'test18', NOW() -  INTERVAL '83 second'),
  ('1-group-1', 1, 1, 'test17', NOW() -  INTERVAL '84 second'),
  ('3-group-1', 3, 1, 'test16', NOW() -  INTERVAL '85 second'),
  ('2-group-1', 2, 1, 'test15', NOW() -  INTERVAL '86 second'),
  ('1-group-1', 1, 1, 'test14', NOW() -  INTERVAL '87 second'),
  ('3-group-1', 3, 1, 'test13', NOW() -  INTERVAL '88 second'),
  ('2-group-1', 2, 1, 'test12', NOW() -  INTERVAL '89 second'),
  ('1-group-1', 1, 1, 'test11', NOW() -  INTERVAL '90 second'),
  ('3-group-1', 3, 1, 'test10', NOW() -  INTERVAL '91 second'),
  ('2-group-1', 2, 1, 'test9', NOW() -  INTERVAL '92 second'),
  ('1-group-1', 1, 1, 'test8', NOW() -  INTERVAL '93 second'),
  ('3-group-1', 3, 1, 'test7', NOW() -  INTERVAL '94 second'),
  ('2-group-1', 2, 1, 'test6', NOW() -  INTERVAL '95 second'),
  ('1-group-1', 1, 1, 'test5', NOW() -  INTERVAL '96 second'),
  ('3-group-1', 3, 1, 'test4', NOW() -  INTERVAL '97 second'),
  ('2-group-1', 2, 1, 'test3', NOW() -  INTERVAL '98 second'),
  ('1-group-1', 1, 1, 'test2', NOW() -  INTERVAL '99 second'),
  ('3-group-1', 3, 1, 'test1', NOW() -  INTERVAL '100 second');

INSERT INTO "GroupMessage" ("id", "userId", "groupId", "content", "sentAt") VALUES
  ('3-group-2', 3, 2, 'hello100', NOW() - INTERVAL '1 second'),
  ('4-group-2', 4, 2, 'hello99', NOW() - INTERVAL '2 second'),
  ('5-group-2', 5, 2, 'hello98', NOW() - INTERVAL '3 second'),
  ('3-group-2', 3, 2, 'hello97', NOW() - INTERVAL '4 second'),
  ('4-group-2', 4, 2, 'hello96', NOW() - INTERVAL '5 second'),
  ('5-group-2', 5, 2, 'hello95', NOW() - INTERVAL '6 second'),
  ('3-group-2', 3, 2, 'hello94', NOW() - INTERVAL '7 second'),
  ('4-group-2', 4, 2, 'hello93', NOW() - INTERVAL '8 second'),
  ('5-group-2', 5, 2, 'hello92', NOW() - INTERVAL '9 second'),
  ('3-group-2', 3, 2, 'hello91', NOW() - INTERVAL '10 second'),
  ('4-group-2', 4, 2, 'hello90', NOW() - INTERVAL '11 second'),
  ('5-group-2', 5, 2, 'hello89', NOW() - INTERVAL '12 second'),
  ('3-group-2', 3, 2, 'hello88', NOW() - INTERVAL '13 second'),
  ('4-group-2', 4, 2, 'hello87', NOW() - INTERVAL '14 second'),
  ('5-group-2', 5, 2, 'hello86', NOW() - INTERVAL '15 second'),
  ('3-group-2', 3, 2, 'hello85', NOW() - INTERVAL '16 second'),
  ('4-group-2', 4, 2, 'hello84', NOW() - INTERVAL '17 second'),
  ('5-group-2', 5, 2, 'hello83', NOW() - INTERVAL '18 second'),
  ('3-group-2', 3, 2, 'hello82', NOW() - INTERVAL '19 second'),
  ('4-group-2', 4, 2, 'hello81', NOW() - INTERVAL '20 second'),
  ('5-group-2', 5, 2, 'hello80', NOW() - INTERVAL '21 second'),
  ('3-group-2', 3, 2, 'hello79', NOW() - INTERVAL '22 second'),
  ('4-group-2', 4, 2, 'hello78', NOW() - INTERVAL '23 second'),
  ('5-group-2', 5, 2, 'hello77', NOW() - INTERVAL '24 second'),
  ('3-group-2', 3, 2, 'hello76', NOW() - INTERVAL '25 second'),
  ('4-group-2', 4, 2, 'hello75', NOW() - INTERVAL '26 second'),
  ('5-group-2', 5, 2, 'hello74', NOW() - INTERVAL '27 second'),
  ('3-group-2', 3, 2, 'hello73', NOW() - INTERVAL '28 second'),
  ('4-group-2', 4, 2, 'hello72', NOW() - INTERVAL '29 second'),
  ('5-group-2', 5, 2, 'hello71', NOW() - INTERVAL '30 second'),
  ('3-group-2', 3, 2, 'hello70', NOW() - INTERVAL '31 second'),
  ('4-group-2', 4, 2, 'hello69', NOW() - INTERVAL '32 second'),
  ('5-group-2', 5, 2, 'hello68', NOW() - INTERVAL '33 second'),
  ('3-group-2', 3, 2, 'hello67', NOW() - INTERVAL '34 second'),
  ('4-group-2', 4, 2, 'hello66', NOW() - INTERVAL '35 second'),
  ('5-group-2', 5, 2, 'hello65', NOW() - INTERVAL '36 second'),
  ('3-group-2', 3, 2, 'hello64', NOW() - INTERVAL '37 second'),
  ('4-group-2', 4, 2, 'hello63', NOW() - INTERVAL '38 second'),
  ('5-group-2', 5, 2, 'hello62', NOW() - INTERVAL '39 second'),
  ('3-group-2', 3, 2, 'hello61', NOW() - INTERVAL '40 second'),
  ('4-group-2', 4, 2, 'hello60', NOW() - INTERVAL '41 second'),
  ('5-group-2', 5, 2, 'hello59', NOW() - INTERVAL '42 second'),
  ('3-group-2', 3, 2, 'hello58', NOW() - INTERVAL '43 second'),
  ('4-group-2', 4, 2, 'hello57', NOW() - INTERVAL '44 second'),
  ('5-group-2', 5, 2, 'hello56', NOW() - INTERVAL '45 second'),
  ('3-group-2', 3, 2, 'hello55', NOW() - INTERVAL '46 second'),
  ('4-group-2', 4, 2, 'hello54', NOW() - INTERVAL '47 second'),
  ('5-group-2', 5, 2, 'hello53', NOW() - INTERVAL '48 second'),
  ('3-group-2', 3, 2, 'hello52', NOW() - INTERVAL '49 second'),
  ('4-group-2', 4, 2, 'hello51', NOW() - INTERVAL '50 second'),
  ('5-group-2', 5, 2, 'hello50', NOW() - INTERVAL '51 second'),
  ('3-group-2', 3, 2, 'hello49', NOW() - INTERVAL '52 second'),
  ('4-group-2', 4, 2, 'hello48', NOW() - INTERVAL '53 second'),
  ('5-group-2', 5, 2, 'hello47', NOW() - INTERVAL '54 second'),
  ('3-group-2', 3, 2, 'hello46', NOW() - INTERVAL '55 second'),
  ('4-group-2', 4, 2, 'hello45', NOW() - INTERVAL '56 second'),
  ('5-group-2', 5, 2, 'hello44', NOW() - INTERVAL '57 second'),
  ('3-group-2', 3, 2, 'hello43', NOW() - INTERVAL '58 second'),
  ('4-group-2', 4, 2, 'hello42', NOW() - INTERVAL '59 second'),
  ('5-group-2', 5, 2, 'hello41', NOW() - INTERVAL '60 second'),
  ('3-group-2', 3, 2, 'hello40', NOW() - INTERVAL '61 second'),
  ('4-group-2', 4, 2, 'hello39', NOW() - INTERVAL '62 second'),
  ('5-group-2', 5, 2, 'hello38', NOW() - INTERVAL '63 second'),
  ('3-group-2', 3, 2, 'hello37', NOW() - INTERVAL '64 second'),
  ('4-group-2', 4, 2, 'hello36', NOW() - INTERVAL '65 second'),
  ('5-group-2', 5, 2, 'hello35', NOW() - INTERVAL '66 second'),
  ('3-group-2', 3, 2, 'hello34', NOW() - INTERVAL '67 second'),
  ('4-group-2', 4, 2, 'hello33', NOW() - INTERVAL '68 second'),
  ('5-group-2', 5, 2, 'hello32', NOW() - INTERVAL '69 second'),
  ('3-group-2', 3, 2, 'hello31', NOW() - INTERVAL '70 second'),
  ('4-group-2', 4, 2, 'hello30', NOW() - INTERVAL '71 second'),
  ('5-group-2', 5, 2, 'hello29', NOW() - INTERVAL '72 second'),
  ('3-group-2', 3, 2, 'hello28', NOW() - INTERVAL '73 second'),
  ('4-group-2', 4, 2, 'hello27', NOW() - INTERVAL '74 second'),
  ('5-group-2', 5, 2, 'hello26', NOW() - INTERVAL '75 second'),
  ('3-group-2', 3, 2, 'hello25', NOW() - INTERVAL '76 second'),
  ('4-group-2', 4, 2, 'hello24', NOW() - INTERVAL '77 second'),
  ('5-group-2', 5, 2, 'hello23', NOW() - INTERVAL '78 second'),
  ('3-group-2', 3, 2, 'hello22', NOW() - INTERVAL '79 second'),
  ('4-group-2', 4, 2, 'hello21', NOW() - INTERVAL '80 second'),
  ('5-group-2', 5, 2, 'hello20', NOW() - INTERVAL '81 second'),
  ('3-group-2', 3, 2, 'hello19', NOW() - INTERVAL '82 second'),
  ('4-group-2', 4, 2, 'hello18', NOW() - INTERVAL '83 second'),
  ('5-group-2', 5, 2, 'hello17', NOW() - INTERVAL '84 second'),
  ('3-group-2', 3, 2, 'hello16', NOW() - INTERVAL '85 second'),
  ('4-group-2', 4, 2, 'hello15', NOW() - INTERVAL '86 second'),
  ('5-group-2', 5, 2, 'hello14', NOW() - INTERVAL '87 second'),
  ('3-group-2', 3, 2, 'hello13', NOW() - INTERVAL '88 second'),
  ('4-group-2', 4, 2, 'hello12', NOW() - INTERVAL '89 second'),
  ('5-group-2', 5, 2, 'hello11', NOW() - INTERVAL '90 second'),
  ('3-group-2', 3, 2, 'hello10', NOW() - INTERVAL '91 second'),
  ('4-group-2', 4, 2, 'hello09', NOW() - INTERVAL '92 second'),
  ('5-group-2', 5, 2, 'hello08', NOW() - INTERVAL '93 second'),
  ('5-group-2', 5, 2, 'hello07', NOW() - INTERVAL '94 second'),
  ('4-group-2', 4, 2, 'hello06', NOW() - INTERVAL '95 second'),
  ('5-group-2', 5, 2, 'hello05', NOW() - INTERVAL '96 second'),
  ('5-group-2', 5, 2, 'hello04', NOW() - INTERVAL '97 second'),
  ('4-group-2', 4, 2, 'hello03', NOW() - INTERVAL '98 second'),
  ('5-group-2', 5, 2, 'hello02', NOW() - INTERVAL '99 second'),
  ('5-group-2', 5, 2, 'hello01', NOW() - INTERVAL '100 second');

SELECT * FROM "GroupMessage";
